{"stat.walkOneCm":36158,"stat.leaveGame":3,"stat.killEntity.Blaze":2,"stat.useItem.minecraft.diamond_sword":6,"stat.jump":83,"stat.swimOneCm":10186,"stat.crouchOneCm":55,"stat.useItem.minecraft.stone_slab2":2,"achievement.exploreAllBiomes":{"value":0,"progress":["Forest"]},"achievement.openInventory":9,"stat.mobKills":2,"stat.flyOneCm":146308,"stat.deaths":1,"stat.pickup.minecraft.wheat_seeds":8,"stat.drop":8,"stat.playOneMinute":41631,"stat.pickup.minecraft.blaze_rod":1,"stat.drop.minecraft.wheat_seeds":8,"stat.sneakTime":359,"stat.damageDealt":400,"stat.timeSinceDeath":9786,"stat.useItem.minecraft.spawn_egg":2,"stat.diveOneCm":3577}