{
  "minecraft:recipes/redstone/stone_button": {
    "criteria": {
      "has_stone": "2017-05-14 12:27:29 -0400"
    },
    "done": true
  },
  "minecraft:recipes/buildingblocks/stonebrick": {
    "criteria": {
      "has_stone": "2017-05-14 12:27:29 -0400"
    },
    "done": true
  },
  "minecraft:recipes/buildingblocks/stone_slab": {
    "criteria": {
      "has_stone": "2017-05-14 12:27:29 -0400"
    },
    "done": true
  },
  "minecraft:recipes/buildingblocks/polished_andesite": {
    "criteria": {
      "has_stone": "2017-05-14 12:27:29 -0400"
    },
    "done": true
  },
  "minecraft:recipes/buildingblocks/stone_brick_slab": {
    "criteria": {
      "has_stonebrick": "2017-05-14 12:27:29 -0400"
    },
    "done": true
  },
  "minecraft:recipes/redstone/stone_pressure_plate": {
    "criteria": {
      "has_stone": "2017-05-14 12:27:29 -0400"
    },
    "done": true
  },
  "minecraft:recipes/buildingblocks/chiseled_stonebrick": {
    "criteria": {
      "has_stonebrick": "2017-05-14 12:27:29 -0400"
    },
    "done": true
  },
  "minecraft:adventure/adventuring_time": {
    "criteria": {
      "forest": "2017-05-14 12:27:29 -0400"
    },
    "done": false
  },
  "minecraft:recipes/buildingblocks/stone_brick_stairs": {
    "criteria": {
      "has_stonebrick": "2017-05-14 12:27:29 -0400"
    },
    "done": true
  },
  "minecraft:recipes/decorations/armor_stand": {
    "criteria": {
      "has_stone_slab": "2017-05-14 12:27:29 -0400"
    },
    "done": true
  }
}