{"stat.walkOneCm":177361,"stat.pickup.minecraft.wooden_axe":1,"stat.leaveGame":18,"stat.pickup.minecraft.spectral_arrow":1,"stat.pickup.minecraft.filled_map":7,"stat.jump":797,"stat.swimOneCm":370995,"stat.climbOneCm":296,"stat.crouchOneCm":37097,"stat.enderchestOpened":2,"stat.sprintOneCm":26492,"stat.useItem.minecraft.stone_slab2":17843,"achievement.exploreAllBiomes":{"value":0,"progress":["Forest"]},"stat.useItem.minecraft.water_bucket":38,"stat.craftingTableInteraction":5,"achievement.openInventory":518,"stat.useItem.minecraft.flint_and_steel":1,"stat.pickup.minecraft.grass":1,"stat.useItem.minecraft.carrot_on_a_stick":229,"stat.pickup.minecraft.golden_sword":1,"stat.flyOneCm":15390471,"stat.deaths":4,"stat.pickup.minecraft.wheat_seeds":6,"stat.drop":2,"stat.playOneMinute":955399,"stat.pickup.minecraft.torch":4,"stat.sneakTime":81699,"stat.pickup.minecraft.wool":1,"stat.useItem.minecraft.wool":164,"stat.pickup.minecraft.item_frame":15,"stat.timeSinceDeath":605358,"stat.useItem.minecraft.map":19,"stat.pickup.minecraft.yellow_flower":1,"stat.drop.minecraft.grass":1,"stat.diveOneCm":42311,"stat.drop.minecraft.wooden_axe":1,"stat.useItem.minecraft.iron_shovel":1}