{"stat.walkOneCm":19977,"achievement.openInventory":5,"stat.leaveGame":9,"stat.flyOneCm":248185,"stat.deaths":2,"stat.drop":1,"stat.pickup.minecraft.wheat_seeds":2,"stat.jump":44,"stat.swimOneCm":1040,"stat.playOneMinute":55795,"stat.pickup.minecraft.stone_button":1,"stat.sneakTime":1770,"stat.crouchOneCm":389,"stat.timeSinceDeath":9328,"stat.sprintOneCm":6829,"stat.useItem.minecraft.stone_slab2":94,"stat.drop.minecraft.command_block":1,"stat.useItem.minecraft.tallgrass":70,"achievement.exploreAllBiomes":{"value":0,"progress":["Forest"]},"stat.diveOneCm":10572}